severity,roll_mse,pitch_mse,roll_rmse,pitch_rmse,roll_fcs_fluct,pitch_fcs_fluct
off,0.0062528937,0.0024221214,0.07907524,0.049215052,0.005799422902818944,0.006038861254243061
light,0.0067938087,0.0020083145,0.082424566,0.04481422,0.006067831600402046,0.00680124313084243
moderate,0.008014806,0.0023010597,0.08952545,0.04796936,0.007049779364504882,0.008022357252346369
severe,0.008131548,0.0040532285,0.09017509,0.06366497,0.00849462979630466,0.010960858799236327
