severity,roll_mse,pitch_mse,roll_rmse,pitch_rmse,roll_fcs_fluct,pitch_fcs_fluct
off,0.0153628625,0.004119165,0.12394702,0.06418072,0.008184050935297268,0.008610960271030036
light,0.014543205,0.004498112,0.12059521,0.067067966,0.0081830505550002,0.008950476568518596
moderate,0.0150123825,0.004924447,0.12252503,0.0701744,0.008867196438420641,0.009843946021778554
severe,0.015377058,0.0060965247,0.12400427,0.078080244,0.010572007398765775,0.012369963035666183
