severity,roll_rmse,pitch_rmse,roll_fcs_fluct,pitch_fcs_fluct,avg_rmse,avg_fcs_fluct
off,0.028592957,0.020456225,0.005909295684232663,0.0060348792580324495,0.024524592,0.005972087471132556
light,0.029933777,0.023976525,0.0064065109832399155,0.007942387879340082,0.02695515,0.007174449431289999
moderate,0.03149392,0.026654575,0.006892032131654414,0.009153440015771534,0.029074248,0.008022736073712974
severe,0.037719082,0.046575747,0.007998288593875523,0.012432584842336723,0.042147413,0.010215436718106123
