severity,roll_rmse,pitch_rmse,roll_fcs_fluct,pitch_fcs_fluct,avg_rmse,avg_fcs_fluct
off,0.02868277,0.030283308,0.005668115158033619,0.006059306072786787,0.029483039,0.005863710615410203
light,0.03076503,0.035715777,0.005954795951638076,0.0068799239907586076,0.033240404,0.0064173599711983415
moderate,0.033549238,0.034945834,0.006274426774468552,0.007802409431167437,0.034247536,0.007038418102817995
severe,0.038995065,0.054610007,0.007880106609175604,0.011060657460018348,0.046802536,0.009470382034596976
