severity,roll_rmse,pitch_rmse,roll_fcs_fluct,pitch_fcs_fluct,avg_rmse,avg_fcs_fluct
off,0.028437352,0.02097864,0.005874288928960703,0.006460079823253258,0.024707995,0.00616718437610698
light,0.033011407,0.023932422,0.006877275678759755,0.00836010532269821,0.028471913,0.007618690500728983
moderate,0.03574243,0.025263926,0.0074850672161960894,0.00967927274569228,0.030503176,0.008582169980944184
severe,0.04233975,0.04377821,0.009417862537815458,0.013084072575243924,0.04305898,0.011250967556529691
