severity,roll_mse,pitch_mse,roll_rmse,pitch_rmse,roll_fcs_fluct,pitch_fcs_fluct
off,0.00091385393,0.00039841246,0.030230017,0.019960271,0.005372062128726194,0.005806815194006078
light,0.0011029505,0.0005631492,0.0332107,0.023730766,0.005904589667107622,0.006949117056143671
moderate,0.0012073272,0.0007347531,0.034746613,0.02710633,0.006245972525869476,0.008015720807769758
severe,0.0018785637,0.0016646715,0.0433424,0.040800385,0.0076081087881307245,0.01137184222728974
