severity,roll_rmse,pitch_rmse,roll_fcs_fluct,pitch_fcs_fluct,avg_rmse,avg_fcs_fluct
off,0.08918778,0.045975022,0.006267332553695068,0.006447561682570844,0.0675814,0.006357447118132955
light,0.09013648,0.04931111,0.007066769060218192,0.007552795337652105,0.0697238,0.007309782198935149
moderate,0.0969351,0.048476737,0.007480332566082607,0.008602211168867526,0.07270592,0.008041271867475067
severe,0.11362017,0.07333983,0.008729466680823585,0.011203439093282285,0.09348,0.009966452887052935
