severity,roll_rmse,pitch_rmse,roll_fcs_fluct,pitch_fcs_fluct,avg_rmse,avg_fcs_fluct
off,0.028827015,0.021868052,0.005689277349288116,0.006524678239826752,0.025347535,0.006106977794557434
light,0.03178777,0.024063937,0.005987799752710552,0.007319667812044604,0.027925855,0.006653733782377578
moderate,0.033171497,0.03020955,0.006570454079145979,0.008683391607004036,0.031690523,0.007626922843075007
severe,0.04035023,0.050852444,0.008022503241060054,0.012208135904574114,0.04560134,0.010115319572817083
