severity,roll_rmse,pitch_rmse,roll_fcs_fluct,pitch_fcs_fluct,avg_rmse,avg_fcs_fluct
off,0.07723898,0.046980403,0.005758142406340056,0.006265866924063109,0.06210969,0.006012004665201583
light,0.115762785,0.14417744,0.008893262762547982,0.009244734354751682,0.1299701,0.009068998558649833
moderate,0.10719339,0.11373919,0.00835003080854014,0.009314559056278631,0.11046629,0.008832294932409387
severe,0.087158985,0.06360898,0.008669577474406776,0.011353072247307541,0.07538398,0.010011324860857158
