severity,roll_rmse,pitch_rmse,roll_fcs_fluct,pitch_fcs_fluct,avg_rmse,avg_fcs_fluct
off,0.11841093,0.1093322,0.007278586373711834,0.007632148558939723,0.11387156,0.007455367466325778
light,0.12041205,0.112578586,0.0077559900742297195,0.008822772706561057,0.11649532,0.008289381390395388
moderate,0.16250576,0.11366417,0.008533734382666185,0.009551035964669254,0.13808496,0.009042385173667719
severe,0.12616721,0.094864525,0.008890825933631807,0.011174373809706565,0.11051586,0.010032599871669186
