severity,roll_mse,pitch_mse,roll_rmse,pitch_rmse,roll_fcs_fluct,pitch_fcs_fluct
off,0.012170105,0.0025176539,0.1103182,0.05017623,0.0059998142115012644,0.006405074903673581
