severity,roll_rmse,pitch_rmse,roll_fcs_fluct,pitch_fcs_fluct,avg_rmse,avg_fcs_fluct
off,0.026128959,0.013688659,0.004780973690878868,0.005022221045807201,0.019908808,0.004901597368343035
