severity,roll_rmse,pitch_rmse,roll_fcs_fluct,pitch_fcs_fluct,avg_rmse,avg_fcs_fluct
off,0.11660782,0.046471607,0.006076186247117088,0.006401457205967991,0.08153971,0.00623882172654254
