severity,roll_mse,pitch_mse,roll_rmse,pitch_rmse,roll_fcs_fluct,pitch_fcs_fluct
off,0.0007135201,0.0001977453,0.026711797,0.014062194,0.005741385116229307,0.006468299884053158
