severity,roll_rmse,pitch_rmse,roll_fcs_fluct,pitch_fcs_fluct,avg_rmse,avg_fcs_fluct
off,0.06791357,0.035870768,0.005694814068017764,0.0059740610951853155,0.05189217,0.005834437581601539
