severity,roll_rmse,pitch_rmse,roll_fcs_fluct,pitch_fcs_fluct,avg_rmse,avg_fcs_fluct
off,0.11402826,0.046653043,0.005164111103805625,0.005266154346544286,0.08034065,0.005215132725174956
