severity,roll_rmse,pitch_rmse,roll_fcs_fluct,pitch_fcs_fluct,avg_rmse,avg_fcs_fluct
off,0.1103182,0.05017623,0.0059998142115012644,0.006405074903673581,0.080247215,0.006202444558
