severity,roll_rmse,pitch_rmse,roll_fcs_fluct,pitch_fcs_fluct,avg_rmse,avg_fcs_fluct
off,0.06810655,0.034627624,0.0055137378144192286,0.005613876050428083,0.051367085,0.005563806932423656
