severity,roll_mse,pitch_mse,roll_rmse,pitch_rmse,roll_fcs_fluct,pitch_fcs_fluct
off,0.0045517217,0.0012768422,0.067466445,0.03573293,0.005327687746554892,0.0057063009930108455
