severity,roll_rmse,pitch_rmse,roll_fcs_fluct,pitch_fcs_fluct,avg_rmse,avg_rmse_sem,avg_fcs_fluct,avg_fcs_fluct_sem
off,0.026711797,0.014062194,0.0057413851162293,0.0064682998840531,0.0203869955,,0.0061048425,
off,0.026429363,0.0136199845,0.0048162308468678,0.0050918099691102,0.020024674,,0.004954020407989,
off,0.025571682,0.013335372,0.0051777092739732,0.0054987287884089,0.019453527,,0.0053382190311911,
off,0.02599529,0.013864747,0.0054187309313251,0.0057754738287241,0.019930018,,0.0055971023800246,
off,0.026128959,0.013688659,0.0047809736908788,0.0050222210458072,0.019908808,,0.004901597368343,
,,,,,0.0199408045,0.0001491140483173868,0.005379156337509539,0.00022187833090766407
