severity,roll_rmse,pitch_rmse,roll_fcs_fluct,pitch_fcs_fluct,avg_rmse,avg_rmse_sem,avg_fcs_fluct,avg_fcs_fluct_sem
off,0.1103182,0.05017623,0.0059998142115012,0.0064050749036735,0.080247215,,0.006202444558,
off,0.11533101,0.04638754,0.0058313807641704,0.0060245650060777,0.08085927,,0.0059279728851241,
off,0.11660782,0.046471607,0.006076186247117,0.0064014572059679,0.08153971,,0.0062388217265425,
off,0.11298067,0.050467428,0.0061489182544242,0.0064213082826508,0.08172405,,0.0062851132685375,
off,0.11402826,0.046653043,0.0051641111038056,0.0052661543465442,0.08034065,,0.0052151327251749,
,,,,,0.080942179,0.00030166633537900915,0.0059738970326758,0.00019963803644117723
