severity,roll_rmse,pitch_rmse,roll_fcs_fluct,pitch_fcs_fluct,avg_rmse,avg_rmse_sem,avg_fcs_fluct,avg_fcs_fluct_sem
off,0.067466445,0.03573293,0.0053276877465548,0.0057063009930108,0.0515996875,,0.00551699437,
off,0.0684427,0.035457842,0.0052440863549301,0.0054239992996806,0.051950272,,0.0053340428273054,
off,0.06810655,0.034627624,0.0055137378144192,0.005613876050428,0.051367085,,0.0055638069324236,
off,0.06791357,0.035870768,0.0056948140680177,0.0059740610951853,0.05189217,,0.0058344375816015,
off,0.06832823,0.034642436,0.0050134247276878,0.0051997243103984,0.051485334,,0.0051065745190431,
,,,,,0.0516589097,0.00011360013326374226,0.00547117124607472,0.00012132158426986482
