severity,roll_mse,pitch_mse,roll_rmse,pitch_rmse,roll_fcs_fluct,pitch_fcs_fluct
off,0.0008808967,0.00025737679,0.029679904,0.016042966,0.00040662290246005773,0.00038611977441354277
