severity,roll_mse,pitch_mse,roll_rmse,pitch_rmse,roll_fcs_fluct,pitch_fcs_fluct
off,0.0060088513,0.0020175637,0.07751678,0.044917297,0.0009043919485208223,0.0009510640187416205
