severity,roll_mse,pitch_mse,roll_rmse,pitch_rmse,roll_fcs_fluct,pitch_fcs_fluct
off,0.015998736,0.07592223,0.12648611,0.27553988,0.0019512958689675574,0.0013778270521063523
