severity,roll_rmse,pitch_rmse,roll_fcs_fluct,pitch_fcs_fluct,avg_rmse,avg_fcs_fluct
off,0.032204732,0.027308073,0.001752204071621772,0.007006719803827421,0.029756403,0.004379461937724596
light,0.0327105,0.035995938,0.0031160290763592407,0.00944815457936863,0.03435322,0.0062820918278639355
moderate,0.041035213,0.087842844,0.004264301769314762,0.012160980550531872,0.06443903,0.008212641159923317
severe,0.21998326,0.19282761,0.005594676478696545,0.014385715492155138,0.20640543,0.009990195985425842
