severity,roll_rmse,pitch_rmse,roll_fcs_fluct,pitch_fcs_fluct,avg_rmse,avg_fcs_fluct
off,0.07728789,0.07624219,0.007826527404679588,0.044177103984420575,0.076765046,0.02600181569455008
light,0.07887063,0.08352,0.0099634907303537,0.04913973767278006,0.08119532,0.029551614201566878
moderate,0.08260146,0.11005615,0.01049352623784078,0.04807955926192595,0.0963288,0.029286542749883362
severe,0.110542804,0.19424365,0.011838080531690004,0.048375496399527915,0.15239322,0.03010678846560896
