severity,roll_rmse,pitch_rmse,roll_fcs_fluct,pitch_fcs_fluct,avg_rmse,avg_fcs_fluct
off,0.09663232,0.07765324,0.004114779643225649,0.024778963702453898,0.08714278,0.014446871672839773
light,0.09871548,0.08105599,0.0053723192141420075,0.030860295334704628,0.089885734,0.01811630727442332
moderate,0.10644605,0.10285028,0.005776366017870352,0.02796697642859773,0.104648165,0.01687167122323404
severe,0.16245875,0.20672293,0.0068548092994184405,0.02923405574967283,0.18459085,0.018044432524545635
