severity,roll_rmse,pitch_rmse,roll_fcs_fluct,pitch_fcs_fluct,avg_rmse,avg_fcs_fluct
off,0.044727977,0.03817763,0.00043651576951567314,0.0013782918906307976,0.041452803,0.0009074038300732354
light,0.047733612,0.044720113,0.0010912107446564851,0.002452289733264105,0.046226863,0.001771750238960295
moderate,0.05942416,0.0917009,0.0019004599535292752,0.0038231654559791445,0.07556253,0.00286181270475421
severe,0.22457664,0.18551199,0.003143342328518347,0.006894637956295795,0.20504431,0.005018990142407071
