severity,roll_rmse,pitch_rmse,roll_fcs_fluct,pitch_fcs_fluct,avg_rmse,avg_fcs_fluct
off,0.038211644,0.035741672,0.0009739531712423586,0.00298330540488817,0.036976658,0.0019786292880652643
light,0.040064298,0.042016692,0.0019193347731718833,0.004724591756244776,0.041040495,0.0033219632647083297
moderate,0.04819409,0.09178954,0.003046715757058578,0.006814412682945046,0.06999182,0.004930564220001812
severe,0.21723484,0.19299357,0.004904858676451746,0.010432548832657764,0.2051142,0.007668703754554754
