severity,roll_rmse,pitch_rmse,roll_fcs_fluct,pitch_fcs_fluct,avg_rmse,avg_fcs_fluct
off,0.07666545,0.08143715,0.015306971269101672,0.050118208219795374,0.0790513,0.032712589744448524
light,0.079035096,0.08465902,0.01608380611394643,0.05112846018600377,0.08184706,0.0336061331499751
moderate,0.08687556,0.10837247,0.017900272022983242,0.05153192710151568,0.09762402,0.03471609956224946
severe,0.118124306,0.20446613,0.021055594589901167,0.050646016319004394,0.16129522,0.03585080545445278
