severity,roll_rmse,pitch_rmse,roll_fcs_fluct,pitch_fcs_fluct,avg_rmse,avg_fcs_fluct
off,0.13503277,0.094944574,0.02877894541065201,0.01981387218545365,0.11498867,0.02429640879805283
light,0.10827392,0.080088004,0.03157462388552337,0.02573094346320034,0.094180964,0.028652783674361856
moderate,0.10378123,0.08298709,0.03155318199520904,0.02808280102613324,0.09338416,0.02981799151067114
severe,0.10186242,0.0799495,0.030217035987137052,0.0354193782647995,0.090905964,0.03281820712596828
