severity,roll_rmse,pitch_rmse,roll_fcs_fluct,pitch_fcs_fluct,avg_rmse,avg_fcs_fluct
off,0.099862024,0.056369983,0.006558673295913786,0.004525821208076072,0.078116,0.0055422472519949285
light,0.10009935,0.059414707,0.019311570741910974,0.014866012063336077,0.07975703,0.017088791402623524
moderate,0.10093974,0.060962543,0.023968629306157098,0.019041821701429353,0.08095114,0.021505225503793225
severe,0.10865766,0.07998994,0.033356824650212696,0.028198095975438174,0.0943238,0.030777460312825435
