severity,roll_rmse,pitch_rmse,roll_fcs_fluct,pitch_fcs_fluct,avg_rmse,avg_fcs_fluct
off,0.0597696,0.064904206,0.0018997115925410892,0.0038813452335574026,0.062336903,0.0028905284130492457
light,0.06076638,0.063823916,0.007065552120302338,0.013578610715881144,0.062295146,0.01032208141809174
moderate,0.063271135,0.06562448,0.009668460479061744,0.016244291615588633,0.064447805,0.012956376047325188
severe,0.073977344,0.075271726,0.01724614190138347,0.024348368783707417,0.07462454,0.020797255342545444
