severity,roll_rmse,pitch_rmse,roll_fcs_fluct,pitch_fcs_fluct,avg_rmse,avg_fcs_fluct
off,0.14079015,0.08802994,0.013905386272794348,0.016992969077495403,0.11441004,0.015449177675144875
light,0.14446448,0.091822386,0.02114776486636361,0.022654640021816382,0.11814343,0.021901202444089996
moderate,0.14895503,0.09355847,0.023587644377657466,0.02471973670720722,0.121256754,0.02415369054243234
severe,0.14987971,0.10636951,0.03038118124888378,0.030256762077049117,0.12812461,0.030318971662966446
