severity,roll_rmse,pitch_rmse,roll_fcs_fluct,pitch_fcs_fluct,avg_rmse,avg_fcs_fluct
off,0.08745326,0.057521734,0.0030060886112571444,0.005132791437512562,0.072487496,0.004069440024384853
light,0.09555779,0.06657622,0.013454225453587978,0.021758055737530087,0.081067,0.017606140595559032
moderate,0.09777458,0.070939854,0.017541157216592683,0.027639425238761048,0.08435722,0.022590291227676865
severe,0.11456853,0.082417674,0.024845527458241666,0.040755663378345054,0.0984931,0.03280059541829336
