severity,roll_rmse,pitch_rmse,roll_fcs_fluct,pitch_fcs_fluct,avg_rmse,avg_fcs_fluct
off,0.09189057,0.041561414,0.006176278589584427,0.009710071217125164,0.06672599,0.007943174903354795
light,0.09422469,0.04382236,0.015779395451640574,0.01751589577367422,0.06902353,0.016647645612657396
moderate,0.09576415,0.04578187,0.0196583197811587,0.020668220409147224,0.07077301,0.020163270095152962
severe,0.101357825,0.06255881,0.027947951235079996,0.028608399482667232,0.081958316,0.028278175358873614
