severity,roll_rmse,pitch_rmse,roll_fcs_fluct,pitch_fcs_fluct,avg_rmse,avg_fcs_fluct
off,0.10947691,0.0631864,0.011190419305904692,0.008758084346012518,0.08633165,0.009974251825958605
light,0.11341578,0.068213314,0.02172014083937264,0.016951084132655826,0.090814546,0.01933561248601423
moderate,0.11614043,0.06696147,0.025672901327270358,0.02030372804753909,0.091550946,0.022988314687404726
severe,0.124372296,0.086913094,0.03464043685520983,0.02905245225342282,0.10564269,0.031846444554316324
