severity,roll_rmse,pitch_rmse,roll_fcs_fluct,pitch_fcs_fluct,avg_rmse,avg_fcs_fluct
off,0.09105932,0.052504048,0.007043259956650373,0.015819652427794633,0.07178168,0.011431456192222503
light,0.094567925,0.050301176,0.012105428543303837,0.027893111672568898,0.07243455,0.019999270107936368
moderate,0.10135146,0.062239103,0.013570748134104225,0.030551464689789164,0.08179528,0.022061106411946696
severe,0.107609384,0.07374658,0.01765866072156667,0.03871501540811033,0.09067798,0.0281868380648385
