severity,roll_rmse,pitch_rmse,roll_fcs_fluct,pitch_fcs_fluct,avg_rmse,avg_fcs_fluct
off,0.13662165,0.06368918,0.006578563960559062,0.018842164511503213,0.10015541,0.012710364236031137
