severity,roll_rmse,pitch_rmse,roll_fcs_fluct,pitch_fcs_fluct,avg_rmse,avg_fcs_fluct
off,0.07492542,0.08755528,0.0035732366112423497,0.00960022690035391,0.081240356,0.006586731755798129
