severity,roll_rmse,pitch_rmse,roll_fcs_fluct,pitch_fcs_fluct,avg_rmse,avg_fcs_fluct
off,0.14871417,0.09423519,0.008266934474828234,0.010414843287847112,0.12147468,0.009340888881337673
