severity,roll_rmse,pitch_rmse,roll_fcs_fluct,pitch_fcs_fluct,avg_rmse,avg_fcs_fluct
off,0.1004585,0.06527257,0.004077675122926726,0.004755078443476177,0.082865536,0.004416376783201451
