severity,roll_rmse,pitch_rmse,roll_fcs_fluct,pitch_fcs_fluct,avg_rmse,avg_fcs_fluct
off,0.115860246,0.08136982,0.006787346241967224,0.02547185305530814,0.098615035,0.01612959964863768
