severity,roll_rmse,pitch_rmse,roll_fcs_fluct,pitch_fcs_fluct,avg_rmse,avg_fcs_fluct
off,0.22521752,0.3462459,0.009887011885148251,0.03614715529220376,0.28573173,0.023017083588676004
