severity,roll_rmse,pitch_rmse,roll_fcs_fluct,pitch_fcs_fluct,avg_rmse,avg_fcs_fluct
off,0.04332702,0.052411012,0.0015936974270074544,0.007214458927640757,0.047869015,0.0044040781773241056
