severity,roll_rmse,pitch_rmse,roll_fcs_fluct,pitch_fcs_fluct,avg_rmse,avg_fcs_fluct
off,0.07531333,0.10182676,0.0021235369192935307,0.010612928544113972,0.08857004,0.006368232731703751
