severity,roll_rmse,pitch_rmse,roll_fcs_fluct,pitch_fcs_fluct,avg_rmse,avg_fcs_fluct
off,0.057753913,0.026701445,0.0009691510120591987,0.0011602068593028322,0.042227678,0.0010646789356810154
