severity,roll_rmse,pitch_rmse,roll_fcs_fluct,pitch_fcs_fluct,avg_rmse,avg_fcs_fluct
off,0.052395277,0.048864927,0.0035705253869182103,0.005778682998467174,0.0506301,0.004674604192692692
