severity,roll_rmse,pitch_rmse,roll_fcs_fluct,pitch_fcs_fluct,avg_rmse,avg_fcs_fluct
off,0.087989576,0.059901882,0.00725842689899318,0.007665767545136204,0.07394573,0.007462097222064692
light,0.090561464,0.06754133,0.00852394826603829,0.009504809999778164,0.0790514,0.009014379132908227
moderate,0.21376131,0.10458302,0.012138729327049784,0.012459039782305554,0.15917216,0.012298884554677668
severe,0.09462854,0.07855787,0.010092926636475052,0.010949201893970468,0.08659321,0.01052106426522276
