severity,roll_rmse,pitch_rmse,roll_fcs_fluct,pitch_fcs_fluct,avg_rmse,avg_fcs_fluct
off,0.029660583,0.02144251,0.00721009623605399,0.00843303151366117,0.025551546,0.007821563874857579
light,0.033791315,0.026847284,0.007902011552975353,0.009339073113740355,0.0303193,0.008620542333357854
moderate,0.03690171,0.039243933,0.008202706629029888,0.00965474515178006,0.03807282,0.008928725890404974
severe,0.043510873,0.05571353,0.009132791378158724,0.012089647228628195,0.0496122,0.01061121930339346
