severity,roll_rmse,pitch_rmse,roll_fcs_fluct,pitch_fcs_fluct,avg_rmse,avg_fcs_fluct
off,0.032508563,0.024309576,0.00044981779513823616,0.0005631405741971484,0.02840907,0.0005064791846676923
light,0.036436237,0.028458513,0.0013214137008133126,0.0020691570226412576,0.032447375,0.0016952853617272852
moderate,0.03980393,0.032923955,0.0017342818131812795,0.002774628540829616,0.036363944,0.0022544551770054475
severe,0.051617797,0.050683774,0.0028957614837368468,0.004700897741706691,0.051150784,0.0037983296127217687
