severity,roll_rmse,pitch_rmse,roll_fcs_fluct,pitch_fcs_fluct,avg_rmse,avg_fcs_fluct
off,0.08590066,0.05428475,0.0009285204521959107,0.0010630764421594502,0.07009271,0.0009957984471776803
light,0.08966517,0.055247445,0.0018419173761070147,0.0024299718440596203,0.07245631,0.0021359446100833175
moderate,0.09324096,0.06158163,0.002320250921256977,0.003147500106311099,0.077411294,0.002733875513784038
severe,0.0997504,0.08794509,0.003575680933467729,0.004961428627701802,0.093847744,0.004268554780584766
