severity,roll_rmse,pitch_rmse,roll_fcs_fluct,pitch_fcs_fluct,avg_rmse,avg_fcs_fluct
off,0.081431344,0.056997366,0.019491542091840616,0.023284745333156186,0.06921436,0.0213881437124984
light,0.09065176,0.0789782,0.022770259386352895,0.026437391316538196,0.08481498,0.024603825351445546
moderate,0.11393528,0.12871663,0.025669333316717422,0.028559212961563496,0.121325955,0.027114273139140457
severe,0.19515498,0.20177007,0.027918845064325182,0.030767260453635755,0.19846252,0.02934305275898047
