severity,roll_rmse,pitch_rmse,roll_fcs_fluct,pitch_fcs_fluct,avg_rmse,avg_fcs_fluct
off,0.078954324,0.040728062,0.014727926505147345,0.016132955592393104,0.059841193,0.015430441048770224
light,0.09266424,0.05974345,0.016785165132371525,0.01953370757546546,0.076203845,0.018159436353918493
moderate,0.12292434,0.10221452,0.019160478056790317,0.02202619284206293,0.11256944,0.020593335449426625
severe,0.3705648,0.2853028,0.025109864228381372,0.026292269423114932,0.3279338,0.025701066825748152
