severity,roll_rmse,pitch_rmse,roll_fcs_fluct,pitch_fcs_fluct,avg_rmse,avg_fcs_fluct
off,0.038509417,0.036826808,0.018097342298351197,0.021887804038726956,0.037668113,0.019992573168539078
light,0.05784013,0.06768359,0.0244062201802822,0.028842943147708407,0.06276186,0.026624581663995305
moderate,0.10247986,0.12252111,0.028250715383933967,0.03390843913020516,0.11250049,0.031079577257069564
severe,0.27382234,0.21766622,0.027876487954201657,0.03080798169415287,0.24574429,0.029342234824177263
