severity,roll_rmse,pitch_rmse,roll_fcs_fluct,pitch_fcs_fluct,avg_rmse,avg_fcs_fluct
off,0.039217815,0.027806783,0.026453364816221212,0.031834648407231554,0.033512298,0.029144006611726385
light,0.06540526,0.053135276,0.026989805563545483,0.03281373953566119,0.059270266,0.029901772549603335
moderate,0.10993427,0.115190715,0.027156293723365418,0.03166365616971534,0.11256249,0.02940997494654038
severe,0.27000967,0.21154633,0.0330272011954978,0.03378771207247771,0.240778,0.03340745663398775
