severity,roll_rmse,pitch_rmse,roll_fcs_fluct,pitch_fcs_fluct,avg_rmse,avg_fcs_fluct
off,0.03849883,0.021919785,0.022147213162059892,0.02208731235718322,0.030209307,0.022117262759621555
light,0.06362815,0.053629935,0.02509891909431618,0.02855509723592209,0.058629043,0.026827008165119133
moderate,0.104446515,0.10791324,0.025820489724898126,0.029563670142684177,0.10617988,0.02769207993379115
severe,0.28886613,0.22085036,0.029703909776628627,0.031675636393287285,0.25485826,0.030689773084957954
