severity,roll_rmse,pitch_rmse,roll_fcs_fluct,pitch_fcs_fluct,avg_rmse,avg_fcs_fluct
off,0.08434186,0.06399302,0.025523598464367536,0.02944763245924572,0.074167445,0.027485615461806626
light,0.10193992,0.09576966,0.030734806482095017,0.03470772040431186,0.09885479,0.03272126344320344
moderate,0.14941804,0.13099207,0.02859563627734759,0.03137853782472213,0.14020506,0.02998708705103486
severe,0.28813073,0.21437664,0.02933555501461406,0.03184420899647826,0.2512537,0.03058988200554616
