severity,roll_rmse,pitch_rmse,roll_fcs_fluct,pitch_fcs_fluct,avg_rmse,avg_fcs_fluct
off,0.048357487,0.027242294,0.02200337207355994,0.02501444323637928,0.03779989,0.02350890765496961
light,0.07826553,0.06069771,0.025973449242194895,0.033156008814255136,0.06948162,0.029564729028225017
moderate,0.11081064,0.12052625,0.03134250227685251,0.03729384131729276,0.115668446,0.03431817179707264
severe,0.29816937,0.21511152,0.033783811499284805,0.039321324834258764,0.25664043,0.036552568166771784
