severity,roll_mse,pitch_mse,roll_rmse,pitch_rmse,roll_fcs_fluct,pitch_fcs_fluct
off,0.0032052186,0.0013868706,0.05661465,0.037240714,0.026578657210502045,0.026784797856275598
light,0.005984573,0.0038759385,0.07736003,0.062257037,0.030735570280668707,0.03316375432046782
moderate,0.009833659,0.015469386,0.09916481,0.124375984,0.029705049536135845,0.032935678108738715
severe,0.08209001,0.04747809,0.28651354,0.21789467,0.031714457405143615,0.035113481775018364
