severity,roll_rmse,pitch_rmse,roll_fcs_fluct,pitch_fcs_fluct,avg_rmse,avg_fcs_fluct
off,0.08667633,0.056586362,0.0229274440675073,0.024833463270111003,0.07163134,0.02388045366880915
light,0.09361918,0.07648401,0.028053042162969496,0.029102834350071678,0.085051596,0.028577938256520587
moderate,0.12086266,0.13635045,0.032327392420007615,0.03369684936117746,0.12860656,0.033012120890592536
severe,0.19221771,0.19257437,0.03323222740894707,0.032949352532550755,0.19239604,0.03309078997074891
