severity,roll_rmse,pitch_rmse,roll_fcs_fluct,pitch_fcs_fluct,avg_rmse,avg_fcs_fluct
off,0.041817117,0.035025224,0.024176585699113316,0.029489797781883844,0.03842117,0.02683319174049858
light,0.070239745,0.0764591,0.0320436044367543,0.03921006549996316,0.07334942,0.03562683496835874
moderate,0.08163238,0.1353265,0.02856948386063278,0.03360029206933405,0.10847944,0.031084887964983415
severe,0.26568156,0.220994,0.03114919388743627,0.03580853317128776,0.24333778,0.03347886352936201
