severity,roll_mse,pitch_mse,roll_rmse,pitch_rmse,roll_fcs_fluct,pitch_fcs_fluct
off,0.0076503386,0.0028284849,0.08746622,0.053183503,0.020235518770256283,0.02288536845694654
light,0.009002797,0.004066119,0.09488307,0.06376613,0.02345302868873598,0.026838054852977907
moderate,0.014526709,0.017977115,0.1205268,0.13407876,0.02333483282973723,0.027556166383464687
severe,0.048832476,0.027171304,0.22098072,0.16483721,0.025762019176814813,0.02838479887313247
