severity,roll_mse,pitch_mse,roll_rmse,pitch_rmse,roll_fcs_fluct,pitch_fcs_fluct
off,0.018043373,0.004498671,0.13432562,0.06707213,0.02113853928956539,0.028066160559940125
light,0.01896967,0.0053703613,0.13773042,0.07328275,0.022900222177771865,0.03121942378432217
moderate,0.025680386,0.01456168,0.160251,0.12067179,0.024243052427461317,0.031122561137552646
severe,0.14739439,0.05985759,0.38391978,0.2446581,0.025397783845976102,0.03072368342244962
