severity,roll_rmse,pitch_rmse,roll_fcs_fluct,pitch_fcs_fluct,avg_rmse,avg_fcs_fluct
off,0.081821166,0.045031883,0.015077426203538637,0.01719146165351128,0.063426524,0.01613444392852496
light,0.09761086,0.076376475,0.02026570145388142,0.023522242482730018,0.086993665,0.02189397196830572
moderate,0.1055861,0.10758212,0.021654236697737642,0.023613078352226383,0.10658411,0.02263365752498201
severe,0.1508226,0.19869576,0.02311105309585525,0.025509929283258757,0.17475918,0.024310491189557006
