severity,roll_rmse,pitch_rmse,roll_fcs_fluct,pitch_fcs_fluct,avg_rmse,avg_fcs_fluct
off,0.1466691,0.102751486,0.06145845949603384,0.030963781557236527,0.12471029,0.04621112052663518
