severity,roll_rmse,pitch_rmse,roll_fcs_fluct,pitch_fcs_fluct,avg_rmse,avg_fcs_fluct
off,0.031372905,0.021347152,0.0011129484806267252,0.005952487442498099,0.026360027,0.003532717961562412
