severity,roll_rmse,pitch_rmse,roll_fcs_fluct,pitch_fcs_fluct,avg_rmse,avg_fcs_fluct
off,0.12568653,0.096780404,0.02242779857315191,0.056598222496618875,0.111233465,0.039513010534885394
