severity,roll_rmse,pitch_rmse,roll_fcs_fluct,pitch_fcs_fluct,avg_rmse,avg_fcs_fluct
off,0.038028114,0.027869761,0.0015916225601903156,0.003607601898905773,0.032948937,0.002599612229548044
