severity,roll_rmse,pitch_rmse,roll_fcs_fluct,pitch_fcs_fluct,avg_rmse,avg_fcs_fluct
off,0.03660476,0.02522621,0.008145868164080796,0.005760977891954582,0.030915484,0.006953423028017689
