severity,roll_rmse,pitch_rmse,roll_fcs_fluct,pitch_fcs_fluct,avg_rmse,avg_fcs_fluct
off,0.076735616,0.05802109,0.00552139639303047,0.04257562365176134,0.06737836,0.024048510022395903
