severity,roll_rmse,pitch_rmse,roll_fcs_fluct,pitch_fcs_fluct,avg_rmse,avg_fcs_fluct
off,0.088024,0.065305576,0.05342420021001008,0.03182210610104902,0.07666479,0.042623153155529545
