severity,roll_rmse,pitch_rmse,roll_fcs_fluct,pitch_fcs_fluct,avg_rmse,avg_fcs_fluct
off,0.086841054,0.05127473,0.021702942944313564,0.011871226745348755,0.0690579,0.01678708484483116
