severity,roll_rmse,pitch_rmse,roll_fcs_fluct,pitch_fcs_fluct,avg_rmse,avg_fcs_fluct
off,0.27544418,0.14173363,0.05255758620854697,0.04768860093268568,0.2085889,0.050123093570616326
light,0.25378248,0.1434372,0.058767315755217424,0.0542508266579086,0.19860984,0.05650907120656301
moderate,0.2226439,0.16888778,0.06070571401672636,0.057467804470623586,0.19576584,0.05908675924367497
severe,0.32599285,0.25131094,0.0603200059170433,0.05677142528011361,0.28865188,0.058545715598578456
