severity,roll_rmse,pitch_rmse,roll_fcs_fluct,pitch_fcs_fluct,avg_rmse,avg_fcs_fluct
off,0.19511934,0.13049689,0.020511664229195512,0.016989439462698003,0.16280812,0.018750551845946758
light,0.19206229,0.14123236,0.023724848110413616,0.02158174332937806,0.16664732,0.022653295719895838
moderate,0.23243669,0.27234665,0.027914733038272764,0.024004240010085307,0.25239167,0.025959486524179037
severe,0.27840596,0.2928106,0.03544328910734544,0.026766900197254556,0.2856083,0.0311050946523
