severity,roll_rmse,pitch_rmse,roll_fcs_fluct,pitch_fcs_fluct,avg_rmse,avg_fcs_fluct
off,0.1290904,0.084870346,0.004564385289268689,0.004591003151718257,0.10698037,0.004577694220493473
light,0.15302768,0.121542804,0.009989602029068033,0.011402360557959795,0.13728525,0.010695981293513915
moderate,0.17856516,0.15273155,0.01501668697793767,0.01706692584586705,0.16564836,0.016041806411902358
severe,0.29519182,0.22196127,0.017457092821873146,0.01847958975212372,0.25857654,0.01796834128699843
