severity,roll_rmse,pitch_rmse,roll_fcs_fluct,pitch_fcs_fluct,avg_rmse,avg_fcs_fluct
off,0.1253968,0.08073726,0.025701210955139896,0.03470990063006565,0.10306703,0.03020555579260277
light,0.13430521,0.091377154,0.02812472439734275,0.040343655647708115,0.11284118,0.03423419002252543
moderate,0.16043721,0.12820828,0.028187058266284634,0.041740354775131404,0.14432275,0.034963706520708016
severe,0.34176254,0.20158674,0.02545023973217988,0.03524021041595705,0.27167463,0.030345225074068463
