severity,roll_rmse,pitch_rmse,roll_fcs_fluct,pitch_fcs_fluct,avg_rmse,avg_fcs_fluct
off,0.18711874,0.14693737,0.0194514308720091,0.032241180170886514,0.16702805,0.02584630552144781
light,0.17947714,0.14597312,0.021598264445895077,0.03466070103775998,0.16272512,0.028129482741827527
moderate,0.20255348,0.1717073,0.02449550497751268,0.03709729670686817,0.18713039,0.030796400842190423
severe,0.44164822,0.29972547,0.02710934870359151,0.03866165194858596,0.37068683,0.03288550032608874
