severity,roll_rmse,pitch_rmse,roll_fcs_fluct,pitch_fcs_fluct,avg_rmse,avg_fcs_fluct
off,0.26244166,0.13822877,0.024679353022597515,0.026488556354775157,0.20033522,0.025583954688686336
light,0.25415978,0.14224522,0.023670321291476826,0.026460387889015058,0.19820249,0.02506535459024594
moderate,0.2345549,0.14851741,0.02458168066222502,0.029638027623622457,0.19153616,0.027109854142923738
severe,0.297855,0.22258493,0.029511746275039104,0.03423695361354963,0.26021996,0.03187434994429437
