severity,roll_rmse,pitch_rmse,roll_fcs_fluct,pitch_fcs_fluct,avg_rmse,avg_fcs_fluct
off,0.085803546,0.039844137,0.013477908004750173,0.01633433080613352,0.06282384,0.014906119405441846
light,0.1064414,0.055363122,0.017117100770898314,0.020806002379803012,0.08090226,0.018961551575350663
moderate,0.13993043,0.09873587,0.018274152473046396,0.023101750403701736,0.11933315,0.020687951438374066
severe,0.26228216,0.18508834,0.018842805945061103,0.024038224074240496,0.22368525,0.0214405150096508
