severity,roll_rmse,pitch_rmse,roll_fcs_fluct,pitch_fcs_fluct,avg_rmse,avg_fcs_fluct
off,0.5466555,0.30393478,0.020462309692130733,0.02388524492931361,0.4252951,0.02217377731072217
light,0.5746922,0.31606045,0.020674385290313874,0.027699298113736705,0.44537634,0.02418684170202529
moderate,0.5858214,0.33889353,0.021677609443814992,0.02836002441185886,0.46235746,0.025018816927836925
severe,0.629612,0.3880631,0.022709824227376,0.02957979315681569,0.5088376,0.026144808692095844
