severity,roll_rmse,pitch_rmse,roll_fcs_fluct,pitch_fcs_fluct,avg_rmse,avg_fcs_fluct
off,0.77110624,0.61860406,0.01911738103219898,0.025459425643444677,0.69485515,0.022288403337821828
light,0.7558739,0.5223658,0.01908651713846084,0.02768742818768073,0.63911986,0.023386972663070785
moderate,0.7520138,0.5461208,0.020498568590458822,0.029359785516752047,0.6490673,0.024929177053605436
severe,0.78295887,0.5948357,0.023965052526122754,0.03160913202023291,0.68889725,0.027787092273177834
