severity,roll_rmse,pitch_rmse,roll_fcs_fluct,pitch_fcs_fluct,avg_rmse,avg_fcs_fluct
off,0.08096768,0.064935565,0.004089092841464871,0.005665981021601696,0.07295162,0.004877536931533283
light,0.10549204,0.06850916,0.00896096798844581,0.015584617682364545,0.0870006,0.012272792835405177
moderate,0.1495495,0.13973162,0.012027701113342124,0.01895957848828743,0.14464056,0.015493639800814776
severe,0.41941237,0.24635047,0.014370043833124988,0.023000867730546458,0.33288142,0.018685455781835725
