severity,roll_rmse,pitch_rmse,roll_fcs_fluct,pitch_fcs_fluct,avg_rmse,avg_fcs_fluct
off,0.10817731,0.06236378,0.002645348781777714,0.002814464647668307,0.08527055,0.0027299067147230106
