severity,roll_rmse,pitch_rmse,roll_fcs_fluct,pitch_fcs_fluct,avg_rmse,avg_fcs_fluct
off,0.16458417,0.16668382,0.013516291562501675,0.008905938837931225,0.165634,0.01121111520021645
