severity,roll_rmse,pitch_rmse,roll_fcs_fluct,pitch_fcs_fluct,avg_rmse,avg_fcs_fluct
off,0.03976801,0.03969349,0.013704984230440267,0.004953690586686738,0.03973075,0.009329337408563503
