severity,roll_rmse,pitch_rmse,roll_fcs_fluct,pitch_fcs_fluct,avg_rmse,avg_fcs_fluct
off,0.117996216,0.04406235,0.0023694949317561317,0.002826993692831352,0.08102928,0.0025982443122937416
