severity,roll_rmse,pitch_rmse,roll_fcs_fluct,pitch_fcs_fluct,avg_rmse,avg_fcs_fluct
off,0.06798194,0.044713184,0.009471854836841214,0.0052642816911376315,0.056347564,0.0073680682639894225
