severity,roll_rmse,pitch_rmse,roll_fcs_fluct,pitch_fcs_fluct,avg_rmse,avg_fcs_fluct
off,0.04869177,0.047776237,0.0013892751567526462,0.002071352098298217,0.048234,0.0017303136275254316
