severity,roll_rmse,pitch_rmse,roll_fcs_fluct,pitch_fcs_fluct,avg_rmse,avg_fcs_fluct
off,0.13312976,0.08340213,0.041906470827149024,0.029293545248084914,0.108265944,0.03560000803761697
