severity,roll_rmse,pitch_rmse,roll_fcs_fluct,pitch_fcs_fluct,avg_rmse,avg_fcs_fluct
off,0.15154167,0.08909489,0.018808672106167986,0.008244209646788368,0.12031828,0.013526440876478177
