severity,roll_rmse,pitch_rmse,roll_fcs_fluct,pitch_fcs_fluct,avg_rmse,avg_fcs_fluct
off,0.074082404,0.042908892,0.004036041132821291,0.0030841156835991882,0.05849565,0.0035600784082102394
