severity,roll_rmse,pitch_rmse,roll_fcs_fluct,pitch_fcs_fluct,avg_rmse,avg_fcs_fluct
off,0.068720125,0.035980374,0.027498623395310992,0.044862862030975774,0.0523502495,0.03618074271
