severity,roll_rmse,pitch_rmse,roll_fcs_fluct,pitch_fcs_fluct,avg_rmse,avg_fcs_fluct
off,0.116744965,0.05035629,0.03205830261783174,0.060904947790066964,0.0835506275,0.0464816252
