severity,roll_rmse,pitch_rmse,roll_fcs_fluct,pitch_fcs_fluct,avg_rmse,avg_fcs_fluct
off,0.14416492,0.093232125,0.06260426471679653,0.06749392587107136,0.1186985225,0.06504909529
