severity,roll_rmse,pitch_rmse,roll_fcs_fluct,pitch_fcs_fluct,avg_rmse,avg_fcs_fluct
off,0.029679904,0.016042966,0.00040662290246005773,0.00038611977441354277,0.022861436,0.00039637133843680025
light,0.036891505,0.026212705,0.0008896019978100377,0.0011461207281649622,0.031552106,0.0010178613629875
moderate,0.055834483,0.08428313,0.0014758058061167165,0.0020161072608119827,0.07005881,0.0017459565334643496
severe,0.21031041,0.17977902,0.002363108479218415,0.0029410926588758286,0.19504473,0.002652100569047122
