severity,roll_rmse,pitch_rmse,roll_fcs_fluct,pitch_fcs_fluct,avg_rmse,avg_fcs_fluct
off,0.07751678,0.044917297,0.0009043919485208223,0.0009510640187416205,0.06121704,0.0009277279836312213
light,0.0811478,0.049608056,0.001370731939855708,0.001560087386771535,0.06537793,0.0014654096633136215
moderate,0.092743255,0.07847277,0.001945740626777301,0.002393081118982443,0.08560801,0.0021694108728798718
severe,0.19987154,0.17447823,0.0025298455745971604,0.003226639050434743,0.18717489,0.002878242312515952
