severity,roll_rmse,pitch_rmse,roll_fcs_fluct,pitch_fcs_fluct,avg_rmse,avg_fcs_fluct
off,0.13119845,0.062509246,0.004898400293959884,0.00484147825149003,0.09685385,0.004869939272724957
