severity,roll_rmse,pitch_rmse,roll_fcs_fluct,pitch_fcs_fluct,avg_rmse,avg_fcs_fluct
off,0.08158479,0.048796527,0.026390563545567285,0.015473918910851122,0.06519066,0.020932241228209202
