severity,roll_rmse,pitch_rmse,roll_fcs_fluct,pitch_fcs_fluct,avg_rmse,avg_fcs_fluct
off,0.11081163,0.10338579,0.0023009377018345235,0.0018904064454532887,0.10709871,0.002095672073643906
