severity,roll_rmse,pitch_rmse,roll_fcs_fluct,pitch_fcs_fluct,avg_rmse,avg_fcs_fluct
off,0.17348178,0.07278874,0.006663431106292096,0.0071487252903805025,0.123135254,0.006906078198336299
