severity,roll_rmse,pitch_rmse,roll_fcs_fluct,pitch_fcs_fluct,avg_rmse,avg_fcs_fluct
off,0.07536331,0.043064866,0.0016193458727073217,0.0019534336710773934,0.059214085,0.0017863897718923575
