severity,roll_rmse,pitch_rmse,roll_fcs_fluct,pitch_fcs_fluct,avg_rmse,avg_fcs_fluct
off,0.077663235,0.07871576,0.00140699911257898,0.0010225853487420152,0.07818949,0.0012147922306604976
