severity,roll_rmse,pitch_rmse,roll_fcs_fluct,pitch_fcs_fluct,avg_rmse,avg_fcs_fluct
off,0.08845425,0.043985635,0.0028772101203340234,0.0058741960814126335,0.06621994,0.004375703100873329
