severity,roll_rmse,pitch_rmse,roll_fcs_fluct,pitch_fcs_fluct,avg_rmse,avg_fcs_fluct
off,0.03437181,0.025676051,0.0005140282910339923,0.000550749465220736,0.030023929,0.0005323888781273642
