severity,roll_rmse,pitch_rmse,roll_fcs_fluct,pitch_fcs_fluct,avg_rmse,avg_fcs_fluct
off,0.14021541,0.10016104,0.003091098370860123,0.002948501650913689,0.12018822,0.003019800010886906
