severity,roll_rmse,pitch_rmse,roll_fcs_fluct,pitch_fcs_fluct,avg_rmse,avg_fcs_fluct
off,0.12444536,0.13421535,0.004116926252865797,0.019405999411216634,0.12933035,0.011761462832041216
