severity,roll_rmse,pitch_rmse,roll_fcs_fluct,pitch_fcs_fluct,avg_rmse,avg_fcs_fluct
off,0.070887044,0.038745414,0.03348366657049753,0.061166923721844096,0.054816229,0.04732529515
