severity,roll_rmse,pitch_rmse,roll_fcs_fluct,pitch_fcs_fluct,avg_rmse,avg_fcs_fluct
off,0.02649552,0.015732644,0.05439209840778416,0.05716217040664185,0.021114082,0.05577713441
