severity,roll_rmse,pitch_rmse,roll_fcs_fluct,pitch_fcs_fluct,avg_rmse,avg_fcs_fluct
off,0.11389306,0.05477324,0.04328788415394575,0.07464645451849629,0.08433315,0.05896716934
