severity,roll_rmse,pitch_rmse,roll_fcs_fluct,pitch_fcs_fluct,avg_rmse,avg_fcs_fluct
off,0.11067598,0.05707768,0.032976211083946494,0.06775113666287629,0.08387683,0.05036367387
