severity,roll_rmse,pitch_rmse,roll_fcs_fluct,pitch_fcs_fluct,avg_rmse,avg_rmse_sem,avg_fcs_fluct,avg_fcs_fluct_sem
off,0.032399025,0.023298042,0.0446866445335174,0.0658658949398705,0.0278485335,,0.05527626974,
off,0.027475733,0.0152850365,0.0301465336594076,0.0447830182715296,0.02138038475,,0.03746477597,
off,0.028621294,0.0167609,0.0297116910438346,0.0591700497048975,0.022691097,,0.04444087037,
off,0.02649552,0.015732644,0.0543920984077841,0.0571621704066418,0.021114082,,0.05577713441,
off,0.026155835,0.013794092,0.0364962857304137,0.0308157538308846,0.0199749635,,0.03365601978,
,,,,,0.02260181215,0.0013809709705797939,0.045323014054,0.004511123861202565
