severity,roll_rmse,pitch_rmse,roll_fcs_fluct,pitch_fcs_fluct,avg_rmse,avg_rmse_sem,avg_fcs_fluct,avg_fcs_fluct_sem
off,0.14416492,0.093232125,0.0626042647167965,0.0674939258710713,0.1186985225,,0.06504909529,
off,0.11389306,0.05477324,0.0432878841539457,0.0746464545184962,0.08433315,,0.05896716934,
off,0.116744965,0.05035629,0.0320583026178317,0.0609049477900669,0.0835506275,,0.0464816252,
off,0.118825905,0.050216842,0.067929006222542,0.0921714944233061,0.0845213735,,0.08005025032,
off,0.11067598,0.05707768,0.0329762110839464,0.0677511366628762,0.08387683,,0.05036367387,
,,,,,0.0909961007,0.006927698984518461,0.060182362804,0.005933007659989907
