severity,roll_rmse,pitch_rmse,roll_fcs_fluct,pitch_fcs_fluct,avg_rmse,avg_rmse_sem,avg_fcs_fluct,avg_fcs_fluct_sem
off,0.07078986,0.03955767,0.0488756357528543,0.0700812324314904,0.055173765,,0.05947843409,
off,0.068720125,0.035980374,0.0274986233953109,0.0448628620309757,0.0523502495,,0.03618074271,
off,0.070887044,0.038745414,0.0334836665704975,0.061166923721844,0.054816229,,0.04732529515,
off,0.068021744,0.038261205,0.0254535492623487,0.0435045902116291,0.0531414745,,0.03447906974,
off,0.0677539,0.03628618,0.0227592908345043,0.0440351334848253,0.05202004,,0.03339721216,
,,,,,0.05350035160000001,0.0006393236967903547,0.04217215077,0.0049907031229982175
