severity,roll_rmse,pitch_rmse,roll_fcs_fluct,pitch_fcs_fluct,avg_rmse,avg_fcs_fluct
off,0.059171807,0.027235305,0.007932097484436754,0.01783310216547731,0.043203555,0.012882599824957031
light,0.061338555,0.028758524,0.012440366385305103,0.026700980664028314,0.04504854,0.01957067352466671
moderate,0.062549286,0.03242658,0.01424245991480698,0.029235675287656603,0.047487933,0.02173906760123179
severe,0.06983342,0.04620106,0.02019538746816983,0.037625963613972996,0.05801724,0.028910675541071414
