severity,roll_rmse,pitch_rmse,roll_fcs_fluct,pitch_fcs_fluct,avg_rmse,avg_fcs_fluct
off,0.12901019,0.09779204,0.0022578490154634857,0.00400148549455134,0.113401115,0.003129667255007413
light,0.12949425,0.09960275,0.011010473341763088,0.014514052990720405,0.114548504,0.012762263166241745
moderate,0.1315003,0.10105438,0.014537040753488708,0.01810428981556319,0.11627734,0.01632066528452595
severe,0.1351804,0.10848529,0.02227160494480508,0.02547637272051276,0.12183285,0.02387398883265892
