severity,roll_rmse,pitch_rmse,roll_fcs_fluct,pitch_fcs_fluct,avg_rmse,avg_fcs_fluct
off,0.08539723,0.063571066,0.008679327647284326,0.057873278275797704,0.07448415,0.033276302961541014
light,0.08812589,0.06540904,0.010882712050762341,0.06623992021277106,0.07676747,0.0385613161317667
moderate,0.0915587,0.06929552,0.013967347909153415,0.06816603156796472,0.08042711,0.041066689738559065
severe,0.095669866,0.085420966,0.022515937828956868,0.07095230997724614,0.090545416,0.0467341239031015
