severity,roll_rmse,pitch_rmse,roll_fcs_fluct,pitch_fcs_fluct,avg_rmse,avg_fcs_fluct
off,0.10234022,0.07538265,0.008237425004825575,0.04702803268901748,0.088861436,0.027632728846921528
light,0.10912522,0.08311646,0.01047966141862559,0.05561149446123097,0.096120834,0.03304557793992828
moderate,0.11381885,0.087012246,0.011950145178574597,0.05636172399904674,0.10041554,0.034155934588810666
severe,0.11844531,0.10666744,0.016918127514046852,0.05721960543181238,0.11255637,0.03706886647292962
