severity,roll_rmse,pitch_rmse,roll_fcs_fluct,pitch_fcs_fluct,avg_rmse,avg_fcs_fluct
off,0.09317576,0.057703674,0.013134519114398047,0.05152312600413322,0.07543972,0.032328822559265634
light,0.095673166,0.06165831,0.015807265508800437,0.060440546069814666,0.07866574,0.03812390578930755
moderate,0.09897202,0.06294423,0.016434787983618443,0.06167769586450063,0.08095813,0.039056241924059536
severe,0.103287816,0.08057066,0.02021178946481217,0.06267992000452434,0.09192924,0.041445854734668254
