severity,roll_rmse,pitch_rmse,roll_fcs_fluct,pitch_fcs_fluct,avg_rmse,avg_fcs_fluct
off,0.10317342,0.069215596,0.011135228066375373,0.047277982513309814,0.08619451,0.029206605289842594
light,0.105369136,0.07172873,0.013932537788773885,0.05693943223989229,0.08854893,0.035435985014333087
moderate,0.10794615,0.07293857,0.01478837456926761,0.058228528654598294,0.09044236,0.03650845161193295
severe,0.11196333,0.09267843,0.017338051966466386,0.059657546695731166,0.10232088,0.03849779933109877
