severity,roll_rmse,pitch_rmse,roll_fcs_fluct,pitch_fcs_fluct,avg_rmse,avg_fcs_fluct
off,0.03576603,0.026721157,0.0015905835146518854,0.010938957136573677,0.031243594,0.006264770325612781
light,0.037007052,0.029412623,0.00499961847046594,0.019511530775079344,0.033209838,0.01225557462277264
moderate,0.038035076,0.033304293,0.006988747669156601,0.02257033257431359,0.035669684,0.014779540121735097
severe,0.041907627,0.046819527,0.012838543236414406,0.029088244598141032,0.044363577,0.02096339391727772
