severity,roll_rmse,pitch_rmse,roll_fcs_fluct,pitch_fcs_fluct,avg_rmse,avg_fcs_fluct
off,0.028621294,0.0167609,0.02971169104383463,0.05917004970489753,0.022691097,0.04444087037
