severity,roll_rmse,pitch_rmse,roll_fcs_fluct,pitch_fcs_fluct,avg_rmse,avg_fcs_fluct
off,0.032399025,0.023298042,0.04468664453351741,0.06586589493987052, 0.0278485335, 0.05527626974
