severity,roll_rmse,pitch_rmse,roll_fcs_fluct,pitch_fcs_fluct,avg_rmse,avg_fcs_fluct
off,0.068021744,0.038261205,0.02545354926234879,0.043504590211629134,0.0531414745,0.03447906974
