severity,roll_rmse,pitch_rmse,roll_fcs_fluct,pitch_fcs_fluct,avg_rmse,avg_fcs_fluct
off,0.075781986,0.069635354,0.013759307736546426,0.04833570414067891,0.07270867,0.03104750593861267
light,0.07764933,0.07623139,0.015705626788903627,0.05166676517279638,0.07694036,0.03368619598085
moderate,0.08350439,0.10674214,0.016945018850145276,0.050764520789553555,0.09512327,0.03385476981984942
severe,0.15189146,0.21918029,0.01894265384935477,0.05056402379378697,0.18553588,0.034753338821570876
