severity,roll_rmse,pitch_rmse,roll_fcs_fluct,pitch_fcs_fluct,avg_rmse,avg_fcs_fluct
off,0.033355054,0.031039739,0.003064151567757632,0.011931864919562099,0.032197397,0.007498008243659865
light,0.03734607,0.037466314,0.0037714418745591,0.013214096035177954,0.03740619,0.008492768954868527
moderate,0.051194165,0.08647196,0.005096759086072064,0.014755585035009707,0.06883306,0.009926172060540885
severe,0.21493278,0.19118236,0.007334039133073663,0.016349733285652056,0.20305757,0.01184188620936286
