severity,roll_rmse,pitch_rmse,roll_fcs_fluct,pitch_fcs_fluct,avg_rmse,avg_fcs_fluct
off,0.08319886,0.0727953,0.006472762724049661,0.03577876300841969,0.07799708,0.021125762866234674
light,0.08568939,0.07728877,0.00829085436056062,0.04164024410919041,0.08148908,0.02496554923487551
moderate,0.09302535,0.107581615,0.00892995470937166,0.03814707363210708,0.100303486,0.02353851417073937
severe,0.20633225,0.25633,0.010192513924719563,0.036964230076543425,0.23133114,0.023578372000631495
