severity,roll_rmse,pitch_rmse,roll_fcs_fluct,pitch_fcs_fluct,avg_rmse,avg_fcs_fluct
off,0.032080345,0.024995785,0.0033192335811285285,0.010681943132843652,0.028538065,0.00700058835698609
light,0.033637054,0.033528775,0.004374618518428056,0.01208095754887783,0.033582915,0.008227788033652943
moderate,0.041959513,0.0891846,0.0057980734389817,0.014417914473312867,0.06557205,0.010107993956147284
severe,0.20773122,0.19195469,0.007839030025257874,0.016714974531886483,0.19984296,0.012277002278572178
