severity,roll_rmse,pitch_rmse,roll_fcs_fluct,pitch_fcs_fluct,avg_rmse,avg_fcs_fluct
off,0.09912551,0.04820146,0.08636271951797961,0.08337883077579619,0.07366349,0.0848707751468879
