severity,roll_rmse,pitch_rmse,roll_fcs_fluct,pitch_fcs_fluct,avg_rmse,avg_fcs_fluct
off,0.14389873,0.071555905,0.15161281100331336,0.12791354058046783,0.10772732,0.1397631757918906
