severity,roll_rmse,pitch_rmse,roll_fcs_fluct,pitch_fcs_fluct,avg_rmse,avg_fcs_fluct
off,0.14343746,0.063778296,0.13320513187359992,0.11003725401751671,0.103607878,0.1216211929
