severity,roll_rmse,pitch_rmse,roll_fcs_fluct,pitch_fcs_fluct,avg_rmse,avg_fcs_fluct
off,0.073885515,0.05762129,0.10652093590123073,0.07989655903305498,0.0657534,0.09320874746714286
