severity,roll_rmse,pitch_rmse,roll_fcs_fluct,pitch_fcs_fluct,avg_rmse,avg_fcs_fluct
off,0.1469961,0.076214164,0.13451355946251056,0.12588885234386,0.11160513,0.1302012059031853
