severity,roll_rmse,pitch_rmse,roll_fcs_fluct,pitch_fcs_fluct,avg_rmse,avg_fcs_fluct
off,0.13552472,0.061877973,0.11982527587369127,0.09162179397120856,0.09870134,0.10572353492244992
