severity,roll_rmse,pitch_rmse,roll_fcs_fluct,pitch_fcs_fluct,avg_rmse,avg_fcs_fluct
off,0.067466445,0.03573293,0.005327687746554892,0.0057063009930108455,0.0515996875,0.00551699437
