severity,roll_rmse,pitch_rmse,roll_fcs_fluct,pitch_fcs_fluct,avg_rmse,avg_fcs_fluct
off,0.026429363,0.0136199845,0.0048162308468678305,0.005091809969110212,0.020024674,0.004954020407989021
