severity,roll_rmse,pitch_rmse,roll_fcs_fluct,pitch_fcs_fluct,avg_rmse,avg_fcs_fluct
off,0.11298067,0.050467428,0.006148918254424222,0.00642130828265081,0.08172405,0.006285113268537515
