severity,roll_rmse,pitch_rmse,roll_fcs_fluct,pitch_fcs_fluct,avg_rmse,avg_fcs_fluct
off,0.036250412,0.025251644,0.01676258453430344,0.006276776962383612,0.030751027,0.011519680748343525
