severity,roll_rmse,pitch_rmse,roll_fcs_fluct,pitch_fcs_fluct,avg_rmse,avg_fcs_fluct
off,0.08287964,0.064430244,0.06617284944797022,0.02102242371893014,0.07365494,0.04359763658345018
