severity,roll_rmse,pitch_rmse,roll_fcs_fluct,pitch_fcs_fluct,avg_rmse,avg_fcs_fluct
off,0.043036498,0.023704406,0.016465920766729866,0.005701564549704742,0.03337045,0.011083742658217304
