severity,roll_rmse,pitch_rmse,roll_fcs_fluct,pitch_fcs_fluct,avg_rmse,avg_fcs_fluct
off,0.12967128,0.09800419,0.009913995813483765,0.058097121281862306,0.113837734,0.03400555854767304
