severity,roll_rmse,pitch_rmse,roll_fcs_fluct,pitch_fcs_fluct,avg_rmse,avg_fcs_fluct
off,0.097036734,0.052242007,0.0712213934725092,0.02531859655979523,0.07463937,0.048269995016152215
