severity,roll_rmse,pitch_rmse,roll_fcs_fluct,pitch_fcs_fluct,avg_rmse,avg_fcs_fluct
off,0.13346852,0.32435474,0.09723346665900738,0.03889418246439877,0.22891164,0.06806382456170307
