severity,roll_rmse,pitch_rmse,roll_fcs_fluct,pitch_fcs_fluct,avg_rmse,avg_fcs_fluct
off,0.083952524,0.06297862,0.07331498936736419,0.02926001560409977,0.07346557,0.05128750248573198
