severity,roll_rmse,pitch_rmse,roll_fcs_fluct,pitch_fcs_fluct,avg_rmse,avg_fcs_fluct
off,0.08672209,0.07065891,0.005696682877231606,0.035181848305508065,0.0786905,0.020439265591369837
