severity,roll_rmse,pitch_rmse,roll_fcs_fluct,pitch_fcs_fluct,avg_rmse,avg_fcs_fluct
off,0.14836045,0.2654504,0.03611330850435086,0.02652373873188599,0.20690542,0.031318523618118425
