severity,roll_rmse,pitch_rmse,roll_fcs_fluct,pitch_fcs_fluct,avg_rmse,avg_fcs_fluct
off,0.040996093,0.02878914,0.0007377466125019391,0.0026668720361516713,0.03489262,0.0017023093243268052
