severity,roll_rmse,pitch_rmse,roll_fcs_fluct,pitch_fcs_fluct,avg_rmse,avg_fcs_fluct
off,0.055212654,0.02957801,0.0872881960361273,0.0703603490473219,0.042395332,0.07882427254
