severity,roll_rmse,pitch_rmse,roll_fcs_fluct,pitch_fcs_fluct,avg_rmse,avg_fcs_fluct
off,0.083480075,0.042685766,0.12428032047242836,0.08922842162511076,0.0630829205,0.106754371
