severity,roll_rmse,pitch_rmse,roll_fcs_fluct,pitch_fcs_fluct,avg_rmse,avg_fcs_fluct
off,0.1022478,0.06484856,0.10000899473436112,0.07505106006609549,0.08354817,0.0875300274002283
