severity,roll_rmse,pitch_rmse,roll_fcs_fluct,pitch_fcs_fluct,avg_rmse,avg_fcs_fluct
off,0.1799463,0.09221085,0.11719055100978128,0.08833608915868499,0.13607858,0.10276332008423314