severity,roll_rmse,pitch_rmse,roll_fcs_fluct,pitch_fcs_fluct,avg_rmse,avg_fcs_fluct
off,0.087751,0.045457404,0.09340191358379277,0.05742817878137227,0.066604204,0.07541504618258252
