severity,roll_rmse,pitch_rmse,roll_fcs_fluct,pitch_fcs_fluct,avg_rmse,avg_fcs_fluct
off,0.080114804,0.048099145,0.12080441458414598,0.0959424848428244,0.06410697,0.1083734497134852
