severity,roll_rmse,pitch_rmse,roll_fcs_fluct,pitch_fcs_fluct,avg_rmse,avg_fcs_fluct
off,0.1017852,0.08827394,0.164936032765623,0.03848863587921587,0.09502957,0.10171233432241943
