severity,roll_rmse,pitch_rmse,roll_fcs_fluct,pitch_fcs_fluct,avg_rmse,avg_fcs_fluct
off,0.042614896,0.026596302,0.20198508222534614,0.19933674273868707,0.0346056,0.20066091248201662
