severity,roll_rmse,pitch_rmse,roll_fcs_fluct,pitch_fcs_fluct,avg_rmse,avg_fcs_fluct
off,0.08885399,0.07088467,0.20750423978341623,0.1963444618870326,0.07986933,0.20192435083522442
