severity,roll_rmse,pitch_rmse,roll_fcs_fluct,pitch_fcs_fluct,avg_rmse,avg_fcs_fluct
off,0.15176648,0.15174653,0.1397088492746127,0.0405397861792711,0.1517565,0.09012431772694189
