severity,roll_rmse,pitch_rmse,roll_fcs_fluct,pitch_fcs_fluct,avg_rmse,avg_fcs_fluct
off,0.13408276,0.12439515,0.1991186492787931,0.18357949277168076,0.12923896,0.19134907102523693
