severity,roll_rmse,pitch_rmse,roll_fcs_fluct,pitch_fcs_fluct,avg_rmse,avg_fcs_fluct
off,0.085871086,0.075169034,0.06260204167364945,0.02457698558381984,0.08052006,0.043589513628734644
