severity,roll_rmse,pitch_rmse,roll_fcs_fluct,pitch_fcs_fluct,avg_rmse,avg_fcs_fluct
off,0.13284743,0.11782357,0.08611972559501202,0.03639872114218863,0.1253355,0.061259223368600325
