severity,roll_rmse,pitch_rmse,roll_fcs_fluct,pitch_fcs_fluct,avg_rmse,avg_fcs_fluct
off,0.06250632,0.03712386,0.0015369609938771058,0.0014228579872132348,0.04981509,0.0014799094905451702
