severity,roll_rmse,pitch_rmse,roll_fcs_fluct,pitch_fcs_fluct,avg_rmse,avg_fcs_fluct
off,0.045850705,0.021050489,0.19969721486226485,0.11667125522634501,0.033450596,0.15818423504430493
