severity,roll_rmse,pitch_rmse,roll_fcs_fluct,pitch_fcs_fluct,avg_rmse,avg_fcs_fluct
off,0.03710149,0.029313272,0.014280375070373181,0.007097982972721936,0.03320738,0.010689179021547559
