severity,roll_rmse,pitch_rmse,roll_fcs_fluct,pitch_fcs_fluct,avg_rmse,avg_fcs_fluct
off,0.15118676,0.09039798,0.20092656739999926,0.1264998190844393,0.120792374,0.16371319324221928
