severity,roll_rmse,pitch_rmse,roll_fcs_fluct,pitch_fcs_fluct,avg_rmse,avg_fcs_fluct
off,0.097000614,0.052964743,0.2065587136993579,0.1246803393355382,0.07498268,0.16561952651744805
