severity,roll_rmse,pitch_rmse,roll_fcs_fluct,pitch_fcs_fluct,avg_rmse,avg_fcs_fluct
off,0.08713632,0.06416083,0.19046764652403486,0.18530621064252034,0.075648576,0.1878869285832776
