severity,roll_rmse,pitch_rmse,roll_fcs_fluct,pitch_fcs_fluct,avg_rmse,avg_fcs_fluct
off,0.040095612,0.027314218,0.20671733067172762,0.04712882075739589,0.033704914,0.12692307571456177
