severity,roll_rmse,pitch_rmse,roll_fcs_fluct,pitch_fcs_fluct,avg_rmse,avg_fcs_fluct
off,0.14925905,0.17656092,0.1720071240742415,0.16303292085362814,0.16290998,0.16752002246393483
