severity,roll_rmse,pitch_rmse,roll_fcs_fluct,pitch_fcs_fluct,avg_rmse,avg_fcs_fluct
off,0.03073263,0.023426218,0.0010163118843654693,0.006504745084104932,0.027079424,0.003760528484235201
