severity,roll_rmse,pitch_rmse,roll_fcs_fluct,pitch_fcs_fluct,avg_rmse,avg_fcs_fluct
off,0.07530703,0.0645672,0.004358656614799272,0.04150040152549208,0.06993711,0.022929529070145675
