severity,roll_rmse,pitch_rmse,roll_fcs_fluct,pitch_fcs_fluct,avg_rmse,avg_fcs_fluct
off,0.1820759,0.23331346,0.00951317881398314,0.06035504812600146,0.20769468,0.0349341134699923
