severity,roll_rmse,pitch_rmse,roll_fcs_fluct,pitch_fcs_fluct,avg_rmse,avg_fcs_fluct
off,0.15228179,0.14394324,0.08680348498385917,0.05022287655873092,0.1481125,0.06851318077129505
