severity,roll_rmse,pitch_rmse,roll_fcs_fluct,pitch_fcs_fluct,avg_rmse,avg_fcs_fluct
off,0.08166851,0.06785647,0.01191759352623129,0.03412158105404454,0.07476249,0.023019587290137915
