severity,roll_rmse,pitch_rmse,roll_fcs_fluct,pitch_fcs_fluct,avg_rmse,avg_fcs_fluct
off,0.0411122,0.023847384,0.0014779115465952677,0.008471903559060762,0.032479793,0.004974907552828015
light,0.042817734,0.027045716,0.0037724380406060566,0.016164434621365024,0.034931727,0.00996843633098554
moderate,0.044266906,0.030332027,0.0047455038715438795,0.018944691341705754,0.037299465,0.011845097606624817
severe,0.04982877,0.044678587,0.008110512892762411,0.0249476848594899,0.04725368,0.016529098876126157
