severity,roll_rmse,pitch_rmse,roll_fcs_fluct,pitch_fcs_fluct,avg_rmse,avg_fcs_fluct
off,0.03568476,0.025908364,0.0017784009849172936,0.014814200720494991,0.030796561,0.008296300852706143
light,0.036959987,0.0288666,0.004556310740675434,0.02446961746177574,0.032913294,0.014512964101225588
moderate,0.038041517,0.031259503,0.005937022648227093,0.027421247234585028,0.034650512,0.01667913494140606
severe,0.042625245,0.04508467,0.010697623675030759,0.03482053819167164,0.04385496,0.0227590809333512
