severity,roll_rmse,pitch_rmse,roll_fcs_fluct,pitch_fcs_fluct,avg_rmse,avg_fcs_fluct
off,0.03646209,0.024228318,0.0015877972585890022,0.008571625112650775,0.030345205,0.005079711185619889
light,0.038760822,0.028064797,0.004760862162647664,0.015278422932318798,0.03341281,0.010019642547483231
moderate,0.040569033,0.029532442,0.006302362100773267,0.017595496935569954,0.03505074,0.01194892951817161
severe,0.047949057,0.04645132,0.010699562931053402,0.023275726698676388,0.047200188,0.016987644814864894
