severity,roll_rmse,pitch_rmse,roll_fcs_fluct,pitch_fcs_fluct,avg_rmse,avg_fcs_fluct
off,0.044241108,0.031430755,0.0013861664476986185,0.00900978989646298,0.037835933,0.005197978172080799
light,0.045371573,0.033575296,0.0037403687906352495,0.016092973349304658,0.039473437,0.009916671069969954
moderate,0.046336908,0.03618018,0.004794744020931238,0.01858867318608075,0.041258544,0.011691708603505994
severe,0.050583445,0.05306643,0.007703753669139931,0.024411526949791106,0.051824935,0.016057640309465517
