severity,roll_rmse,pitch_rmse,roll_fcs_fluct,pitch_fcs_fluct,avg_rmse,avg_fcs_fluct
off,0.08814713,0.071901724,0.022182083459034004,0.04724698122840823,0.08002443,0.03471453234372111
light,0.091027364,0.07689156,0.023766014628273487,0.05615191661258882,0.08395946,0.03995896562043116
moderate,0.09420576,0.078031555,0.025948821506542777,0.05747568210705069,0.08611865,0.04171225180679673
severe,0.09830429,0.094771065,0.03471551890356297,0.059347065843474114,0.09653768,0.04703129237351854
