severity,roll_rmse,pitch_rmse,roll_fcs_fluct,pitch_fcs_fluct,avg_rmse,avg_fcs_fluct
off,0.15278679,0.09123949,0.09994546905558006,0.03885434067143129,0.12201314,0.06939990486350567
