severity,roll_rmse,pitch_rmse,roll_fcs_fluct,pitch_fcs_fluct,avg_rmse,avg_fcs_fluct
off,0.13270971,0.102393426,0.1026368312341889,0.04546419469669185,0.117551565,0.07405051296544038
