severity,roll_rmse,pitch_rmse,roll_fcs_fluct,pitch_fcs_fluct,avg_rmse,avg_fcs_fluct
off,0.07825325,0.06545138,0.0017282877282984942,0.004757464788331429,0.07185231,0.003242876258314962
